id,nombre,sueldo,edad,profesion
1,Milissent,38852,52,Programador
2,Sorcha,44855,34,Programador
3,Wynny,25547,48,Programador
4,Veda,28768,48,Profesor
5,Lizette,30012,52,Profesor
6,Romona,26024,52,Profesor
7,Alane,41514,32,Contador
8,Morie,43174,70,Programador
9,Brandon,30689,32,Profesor
10,Edeline,26767,27,Contador
11,Cecilia,30945,67,Programador
12,Cris,44751,54,Contador
13,Siouxie,45681,47,Programador
14,Kanya,44394,70,Contador
15,Webb,30100,55,Programador
16,Goran,24134,39,Contador
17,Kristofer,45745,31,Profesor
18,Audrye,41274,70,Programador
19,Sabina,35984,38,Contador
20,Woodman,29608,69,Profesor
21,Wayland,25050,68,Contador
22,Christophorus,38809,28,Contador
23,Zeb,27527,36,Profesor
24,Emilia,42890,50,Programador
25,Kimball,29298,68,Contador
26,Angie,29792,41,Profesor
27,Goober,45935,40,Profesor
28,Menard,25417,58,Contador
29,Hannie,30689,29,Programador
30,George,32923,25,Contador
31,Bron,29264,51,Programador
32,Erin,40307,39,Profesor
33,Jannel,39575,53,Programador
34,Herculie,26856,52,Profesor
35,Nikolas,43596,34,Profesor
36,Orin,42407,46,Programador
37,Arlan,24010,63,Contador
38,Levy,29873,44,Programador
39,Cristie,40402,33,Contador
40,Dell,45495,30,Programador
41,Lorinda,36762,58,Contador
42,Tersina,39467,40,Programador
43,Sallyanne,27743,59,Contador
44,Verina,34807,53,Profesor
45,Nehemiah,25269,43,Contador
46,Emmaline,33673,48,Contador
47,Royall,33591,30,Programador
48,Inger,25063,51,Programador
49,Joell,43258,45,Contador
50,Beverlee,34026,43,Programador
51,Phelia,39442,49,Contador
52,Sampson,38791,54,Programador
53,Harwell,37936,51,Programador
54,Owen,48135,25,Profesor
55,Cordey,26897,66,Programador
56,June,44777,49,Programador
57,Russ,39501,56,Programador
58,Ambrosio,40538,36,Profesor
59,Alfonso,28701,44,Profesor
60,Napoleon,47695,49,Contador
61,Hildagarde,31466,39,Contador
62,Shelby,24815,44,Profesor
63,Patrice,49898,50,Contador
64,Tulley,28951,58,Profesor
65,Devinne,42968,70,Profesor
66,Dyane,31241,65,Programador
67,Lenard,31244,51,Programador
68,Brigid,38473,53,Profesor
69,Winn,45833,28,Contador
70,Frasco,41428,33,Programador
71,Bordy,30456,70,Programador
72,Cart,41029,43,Programador
73,Aile,20952,47,Profesor
74,Aurilia,32580,62,Contador
75,Wynn,35685,58,Profesor
76,Felicia,43492,43,Programador
77,Abbott,31633,64,Profesor
78,Ainslee,21544,34,Programador
79,Rosamond,28322,44,Profesor
80,Leo,28049,50,Profesor
81,Traver,20232,28,Contador
82,Philipa,30672,50,Programador
83,Angil,48000,35,Programador
84,Haley,25376,36,Contador
85,Rufus,26194,31,Programador
86,Kyle,27272,64,Programador
87,Vasily,41173,41,Profesor
88,Cristina,22184,68,Programador
89,Roana,45824,25,Contador
90,Donny,49080,44,Profesor
91,Orrin,44030,56,Profesor
92,Em,37976,62,Programador
93,Erika,41817,59,Programador
94,Marius,46826,44,Programador
95,Jen,31124,39,Profesor
96,Catharina,29919,69,Profesor
97,Glennie,35857,30,Contador
98,Jefferey,46880,65,Programador
99,Lorenzo,21276,24,Profesor
100,Delilah,42316,44,Programador
101,Ryann,48806,55,Programador
102,Natalina,46961,28,Contador
103,Quinn,35769,38,Programador
104,Jackquelin,34891,34,Profesor
105,Dollie,22488,65,Programador
106,Stephannie,49447,56,Programador
107,Adelbert,43532,31,Programador
108,Nissy,31189,35,Profesor
109,Alden,48021,35,Profesor
110,Florry,43773,43,Profesor
111,Darelle,25786,63,Contador
112,Pascal,42972,67,Contador
113,Genny,44932,70,Profesor
114,Annissa,32302,46,Programador
115,Derward,30686,64,Profesor
116,Fiorenze,37922,55,Contador
117,Wyn,46358,55,Contador
118,Martino,39711,34,Profesor
119,Cherice,28163,38,Programador
120,Kassey,27022,40,Programador
121,Edy,29313,57,Contador
122,Idelle,38748,38,Programador
123,Lenora,25672,27,Programador
124,Gerard,43106,61,Programador
125,Kerrie,34950,64,Profesor
126,Panchito,28869,56,Profesor
127,Woodman,21734,51,Programador
128,Joyan,24627,63,Profesor
129,Wainwright,43278,43,Profesor
130,Linc,42057,25,Contador
131,Kittie,48961,58,Contador
132,Florance,42374,55,Contador
133,Byrann,36965,39,Contador
134,Sonni,47181,61,Profesor
135,Ingelbert,45073,34,Profesor
136,Ursola,27561,36,Programador
137,Quentin,23534,54,Profesor
138,Angele,40622,56,Contador
139,Addie,44679,30,Programador
140,Karry,48694,33,Programador
141,Ludvig,49309,56,Profesor
142,Avrom,34127,49,Profesor
143,Nari,34001,26,Profesor
144,Gideon,20050,52,Profesor
145,Katrine,42484,28,Profesor
146,Valaria,47353,57,Contador
147,Damian,40620,56,Contador
148,Peterus,37467,42,Contador
149,Clovis,29590,29,Programador
150,Ly,46843,53,Profesor
151,Amandy,45099,43,Profesor
152,Mireille,34348,54,Programador
153,Conni,28212,42,Programador
154,Kimberli,32126,36,Profesor
155,Lida,45345,24,Programador
156,Della,44576,66,Programador
157,Carley,33967,49,Programador
158,Hamil,26904,31,Contador
159,Sile,22466,32,Contador
160,Tonya,32843,54,Contador
161,Ced,20304,57,Programador
162,Antoni,45897,55,Programador
163,Sybil,33594,52,Profesor
164,Lothaire,48213,33,Profesor
165,Brittaney,25624,45,Contador
166,Cointon,26072,41,Contador
167,Barthel,28764,52,Programador
168,Garth,38684,26,Contador
169,Eartha,20914,43,Programador
170,Shem,27161,28,Programador
171,Tore,41711,49,Profesor
172,Barclay,23403,60,Profesor
173,Karon,38658,45,Contador
174,Allison,29729,52,Programador
175,Kipper,45717,30,Programador
176,Cthrine,20601,33,Profesor
177,Celinda,41936,32,Programador
178,Shaylah,44859,49,Programador
179,Virgie,22736,33,Contador
180,Guendolen,46895,70,Contador
181,Shaylah,49739,32,Contador
182,Gerhard,36027,48,Profesor
183,Terri,49822,69,Contador
184,Griff,34684,25,Profesor
185,Urbanus,33872,59,Profesor
186,Grace,39185,69,Profesor
187,Dina,47044,62,Programador
188,Rees,30858,31,Profesor
189,Reid,22511,45,Programador
190,Karlik,30900,35,Contador
191,Elvis,48411,67,Contador
192,Babbette,49835,27,Contador
193,Esmeralda,23911,30,Programador
194,Audrye,29373,29,Programador
195,Billye,26929,59,Contador
196,Carolin,21074,65,Profesor
197,Anthony,22050,67,Programador
198,Farica,28442,47,Profesor
199,Tyrus,27009,46,Contador
200,Barton,30450,63,Profesor
201,Virgina,37375,41,Programador
202,Byran,28605,58,Contador
203,Hatti,20223,55,Profesor
204,Darrick,46949,57,Programador
205,Marthe,20726,70,Contador
206,Monah,24637,59,Profesor
207,Stevana,39562,28,Contador
208,Heddie,28403,52,Contador
209,Rem,35373,47,Programador
210,Port,35263,41,Profesor
211,Northrup,27398,68,Profesor
212,Timmi,40795,57,Contador
213,Addy,28287,69,Programador
214,Martelle,28105,40,Programador
215,Vernon,31909,66,Contador
216,Paquito,23813,47,Contador
217,Faustina,28640,58,Profesor
218,Remy,47526,54,Programador
219,Novelia,48933,44,Contador
220,Curran,20226,56,Programador
221,Keefe,40270,45,Profesor
222,Lissa,43693,28,Contador
223,Melinda,35277,69,Contador
224,Marji,38832,69,Contador
225,Philipa,24756,37,Profesor
226,Olivette,31609,32,Programador
227,Elnar,43686,26,Contador
228,Netti,39425,52,Programador
229,Davidde,43485,24,Programador
230,Abie,45654,50,Contador
231,Dorothea,23305,48,Programador
232,Audi,23398,44,Contador
233,Annalee,40440,69,Programador
234,Brod,21384,67,Programador
235,Brook,26495,60,Contador
236,Annabel,23822,53,Programador
237,Peg,41606,61,Contador
238,Briana,37634,31,Contador
239,Annnora,31448,47,Profesor
240,Garret,45215,32,Contador
241,Thea,22065,68,Contador
242,Julina,36239,48,Programador
243,Tanner,47857,57,Programador
244,Kat,24299,47,Contador
245,Carey,33184,68,Programador
246,Gaye,21028,39,Programador
247,Fran,49166,33,Contador
248,Lynnelle,45417,43,Programador
249,Devinne,24558,43,Profesor
250,Moira,31587,26,Programador
251,Javier,34505,61,Contador
252,Rheba,47795,58,Profesor
253,Lexis,44664,42,Contador
254,Ericka,34886,26,Profesor
255,Lauralee,23936,32,Programador
256,Holly,24817,43,Programador
257,Kassi,33388,48,Profesor
258,Dode,31599,61,Programador
259,Natalya,35647,51,Profesor
260,Elwira,33581,37,Profesor
261,Arlette,41081,60,Contador
262,Morton,22900,49,Profesor
263,Tallia,42334,27,Contador
264,Deeann,28603,51,Profesor
265,Aldrich,39362,49,Profesor
266,Hadrian,48351,51,Profesor
267,Leonelle,49482,54,Contador
268,Dayle,23957,41,Programador
269,Nyssa,38758,50,Profesor
270,Allin,24572,63,Programador
271,Harri,34998,53,Profesor
272,Genna,24792,46,Contador
273,Francesca,38938,60,Profesor
274,Wylma,27337,25,Contador
275,Arlana,32527,60,Profesor
276,Gerti,43758,24,Contador
277,Tynan,44978,45,Profesor
278,Myron,24527,52,Contador
279,Jeannine,38883,52,Contador
280,Pearl,44058,43,Profesor
281,Jeana,35403,61,Profesor
282,Christy,30925,54,Profesor
283,Gauthier,26168,31,Contador
284,Massimo,49141,60,Programador
285,Emanuele,24251,50,Programador
286,Cherin,32891,27,Contador
287,Loutitia,44297,47,Profesor
288,Tadd,33141,50,Profesor
289,Jennica,38102,39,Programador
290,Koren,34424,54,Programador
291,Selena,38892,70,Programador
292,Oliviero,29095,61,Profesor
293,Nilson,39865,46,Contador
294,Mahalia,39716,65,Profesor
295,Nari,44657,60,Profesor
296,Nevil,48075,54,Contador
297,Waldo,43790,59,Profesor
298,Gorden,30259,55,Profesor
299,Sander,20470,29,Programador
300,Elijah,24714,38,Contador
301,Roxane,48685,30,Contador
302,Bee,43855,24,Programador
303,Olag,22926,37,Profesor
304,Jenilee,25223,37,Programador
305,Edvard,42307,59,Programador
306,Corbie,38129,36,Programador
307,Rhona,33552,67,Contador
308,Edouard,33153,45,Contador
309,Page,40705,48,Programador
310,Renae,31221,49,Programador
311,Reggie,34698,24,Programador
312,Blanca,25596,44,Contador
313,Bendix,39640,68,Programador
314,Rees,30826,24,Contador
315,Heddie,47996,63,Programador
316,Lindy,21806,69,Profesor
317,Regan,48607,48,Programador
318,Matty,20515,45,Contador
319,Adan,49715,28,Contador
320,Nelia,27140,46,Profesor
321,Vinnie,24120,35,Profesor
322,Shanan,47993,46,Programador
323,Richart,44696,56,Contador
324,Janie,20757,63,Contador
325,Chloette,31122,38,Contador
326,Dillon,24640,46,Contador
327,Prudence,45070,59,Profesor
328,Rabbi,35356,48,Profesor
329,Zena,25644,70,Programador
330,Vivyanne,22968,37,Programador
331,Kimmie,40415,52,Programador
332,Bili,39796,47,Profesor
333,Sacha,46774,39,Contador
334,Maryl,31626,70,Profesor
335,Minda,40686,33,Programador
336,Magdalene,36674,36,Profesor
337,Leanora,29728,30,Contador
338,Ariel,31349,56,Contador
339,Antonietta,33245,40,Profesor
340,Tomkin,37030,39,Profesor
341,Ignacius,33710,57,Profesor
342,Almeria,23071,61,Programador
343,Caddric,38946,56,Contador
344,Con,24175,38,Contador
345,Torry,23924,70,Profesor
346,Sawyer,26354,67,Programador
347,Eberhard,21882,51,Contador
348,Willetta,45698,45,Programador
349,Gael,37419,63,Contador
350,Rochell,49939,42,Programador
351,Shurlock,42450,59,Profesor
352,Brandon,27022,25,Programador
353,Elna,22401,24,Contador
354,Guthrey,33844,24,Profesor
355,Cazzie,32498,64,Programador
356,Adore,38511,54,Programador
357,Markus,28364,59,Contador
358,Raynard,47858,58,Programador
359,Cordie,49714,59,Profesor
360,Pamelina,45792,29,Contador
361,Galina,35235,43,Contador
362,Karney,31888,40,Programador
363,Zackariah,21719,56,Programador
364,Ade,33810,58,Contador
365,Clair,46291,42,Programador
366,Liz,32775,56,Contador
367,Fred,37252,45,Profesor
368,Biron,44774,70,Contador
369,Jeromy,41061,33,Programador
370,Pauline,33012,52,Programador
371,Mick,42234,49,Programador
372,Sax,35233,24,Profesor
373,Dorothea,35888,27,Programador
374,Dorree,32795,41,Profesor
375,Pattin,26467,45,Programador
376,Raychel,31045,43,Contador
377,Debby,28327,43,Programador
378,Kristian,20480,51,Contador
379,Siegfried,35288,49,Profesor
380,Kerwin,24270,63,Profesor
381,Ruttger,38415,67,Profesor
382,Ariadne,42866,70,Programador
383,Jenelle,39337,68,Programador
384,Elmo,22622,59,Contador
385,Dollie,35044,34,Contador
386,Rafferty,39852,54,Contador
387,Flora,34875,54,Profesor
388,Kiri,23592,41,Programador
389,Danette,33393,36,Contador
390,Herc,38993,57,Profesor
391,Burg,27725,37,Programador
392,Burtie,43659,52,Contador
393,Arri,45663,43,Contador
394,Jania,24791,59,Profesor
395,Gerianna,49619,44,Programador
396,Consolata,43889,35,Profesor
397,Feliza,25226,33,Contador
398,Ada,48778,41,Profesor
399,Hans,32314,54,Contador
400,Sallyann,37054,57,Contador
401,Mickie,20842,64,Programador
402,Far,40968,28,Contador
403,Karlik,47922,36,Programador
404,Martica,40189,38,Profesor
405,Marketa,49523,64,Programador
406,Binni,29032,25,Profesor
407,Patrica,44156,51,Contador
408,Hughie,49000,41,Programador
409,Aldo,20487,64,Profesor
410,Gladys,41002,54,Profesor
411,Eddy,29938,67,Contador
412,Burch,22369,54,Profesor
413,Carmelita,36975,48,Profesor
414,Killy,43548,60,Profesor
415,Carine,42129,66,Contador
416,Iolanthe,29825,50,Programador
417,Toinette,26903,48,Profesor
418,Courtney,41664,34,Contador
419,Oralie,40327,67,Programador
420,Mufi,27854,27,Profesor
421,Rhianna,46927,35,Programador
422,Josephine,31272,42,Programador
423,Codi,31443,28,Programador
424,Sylvan,41082,69,Contador
425,Garwin,37740,28,Programador
426,Zelda,22806,56,Profesor
427,Skelly,28324,36,Programador
428,Alaric,28421,46,Profesor
429,Eldredge,45375,55,Contador
430,Zebulon,37977,34,Profesor
431,Winnie,46691,34,Contador
432,Mommy,24924,64,Programador
433,Vivie,20198,62,Programador
434,Tony,43331,59,Programador
435,Ciro,36625,24,Profesor
436,Cobby,31041,46,Contador
437,Ludvig,44148,42,Programador
438,Tallulah,25626,33,Contador
439,Bibi,27618,33,Programador
440,Virgil,26894,36,Profesor
441,Reinwald,25493,31,Profesor
442,Teddy,49710,39,Profesor
443,Jacob,45160,67,Contador
444,Emogene,24647,53,Programador
445,Demetris,46863,41,Profesor
446,Dorie,22716,53,Programador
447,Hewett,22905,26,Contador
448,Lorilee,20310,28,Profesor
449,Cozmo,45429,43,Programador
450,Akim,26324,37,Profesor
451,Judon,39208,45,Programador
452,Salvidor,41903,70,Contador
453,Ninnette,37901,36,Profesor
454,Chariot,26824,55,Contador
455,Megan,27641,24,Profesor
456,Elvis,47401,36,Programador
457,Carline,28606,60,Contador
458,Chelsie,27282,66,Profesor
459,Sutherland,24506,60,Contador
460,Jarad,22051,69,Contador
461,Humfrey,41158,55,Profesor
462,Cyndie,22651,55,Programador
463,Ellyn,26468,64,Profesor
464,Augusta,43900,68,Contador
465,Tally,33160,25,Programador
466,Theo,31400,24,Programador
467,Andriette,27764,54,Programador
468,Ulick,40341,62,Contador
469,Cindee,30626,69,Contador
470,Terrell,22428,66,Profesor
471,Chrissie,49972,34,Programador
472,Talbert,34923,63,Contador
473,Lanita,37741,24,Programador
474,Barris,38192,25,Programador
475,Garrik,41573,49,Programador
476,Giulietta,48354,70,Contador
477,Alvie,36592,37,Profesor
478,Kiley,34616,24,Profesor
479,Harwell,39477,25,Profesor
480,Alessandra,30816,44,Profesor
481,Gladys,36861,48,Programador
482,Thibaud,47650,31,Profesor
483,Buiron,46541,63,Programador
484,Decca,29817,55,Profesor
485,Karel,32804,33,Contador
486,Deck,49417,68,Contador
487,Nancy,25488,43,Contador
488,Dunn,42293,51,Profesor
489,Nancee,26855,25,Contador
490,Gloria,43833,48,Profesor
491,Anneliese,48823,64,Profesor
492,Iggy,43102,38,Profesor
493,Izak,37168,28,Profesor
494,Brigitta,38080,49,Profesor
495,Llywellyn,28260,27,Contador
496,Twila,43022,49,Profesor
497,Prescott,40398,28,Contador
498,Estrellita,34387,25,Programador
499,Barnebas,38253,24,Programador
500,Kynthia,39889,47,Profesor
501,Fancie,21634,50,Contador
502,Bent,48452,50,Profesor
503,Jessey,33203,36,Programador
504,Myrtia,37256,58,Profesor
505,Nelie,27449,47,Programador
506,Giffie,42693,68,Contador
507,Gaylene,31931,60,Profesor
508,Ruthy,30731,67,Programador
509,Eba,41984,29,Contador
510,Valerye,33919,51,Profesor
511,Jeanie,23961,60,Contador
512,Edsel,43615,59,Profesor
513,Aurlie,35451,49,Profesor
514,Heywood,38620,33,Programador
515,Gayle,25785,36,Profesor
516,Glyn,42726,67,Profesor
517,Kori,48761,51,Contador
518,Frankie,20080,35,Programador
519,Sidney,44477,39,Profesor
520,Arley,34425,59,Programador
521,Dorthea,43740,32,Profesor
522,Josh,49315,31,Profesor
523,Birk,35227,68,Profesor
524,Veronique,20031,44,Programador
525,Orelee,29313,70,Programador
526,Edd,46227,63,Contador
527,Millicent,24360,55,Contador
528,Lorilee,39272,28,Contador
529,Jeremias,35744,70,Contador
530,Kermy,21648,30,Programador
531,Peg,20424,59,Programador
532,Richie,37645,61,Programador
533,Cristi,35506,59,Programador
534,Wait,49737,59,Contador
535,Aurea,43504,43,Programador
536,Zonnya,45211,63,Contador
537,Chalmers,43845,42,Profesor
538,Leonhard,33359,34,Contador
539,Mel,37926,65,Profesor
540,Henriette,45182,38,Profesor
541,Willyt,20128,27,Contador
542,Luz,21523,40,Contador
543,Elisabetta,24589,62,Contador
544,Lorianna,24046,39,Contador
545,Oralla,40778,54,Contador
546,Alex,21472,45,Contador
547,Jarib,39409,61,Contador
548,Rodrique,37315,64,Programador
549,Jannelle,33006,27,Profesor
550,Agatha,35803,37,Profesor
551,Isahella,48148,34,Contador
552,Richard,45114,64,Profesor
553,Merissa,34799,41,Contador
554,Tracy,40559,35,Programador
555,Norry,47193,35,Profesor
556,Aggy,42604,61,Profesor
557,Dyann,41566,59,Programador
558,Adiana,40392,24,Programador
559,Liz,39185,70,Profesor
560,Ruperto,24845,42,Profesor
561,Minnie,48715,53,Programador
562,Dacia,34119,60,Profesor
563,Iseabal,30195,44,Contador
564,Thacher,24845,59,Programador
565,Goober,33821,46,Profesor
566,Heida,33956,35,Contador
567,Jeremiah,27247,35,Programador
568,Arlen,47651,70,Programador
569,Saba,45303,27,Programador
570,Dru,36424,56,Programador
571,Valina,21854,52,Contador
572,Alma,28490,41,Programador
573,Linda,46576,57,Profesor
574,Zebadiah,20793,59,Programador
575,Ephraim,22833,31,Contador
576,Dimitri,37480,45,Profesor
577,Evaleen,34134,26,Programador
578,Darcy,35508,25,Profesor
579,Tobin,34989,67,Contador
580,Natalie,47268,35,Profesor
581,Bowie,31591,53,Contador
582,Tristan,47625,62,Contador
583,Glennie,30365,25,Contador
584,Robby,43925,64,Contador
585,Vincenty,34535,47,Profesor
586,Jules,47921,50,Programador
587,Padget,27062,34,Profesor
588,Web,41525,35,Programador
589,Boot,37520,42,Programador
590,Saundra,20816,36,Profesor
591,Iorgos,33029,64,Contador
592,Winona,46638,33,Contador
593,Danny,28849,70,Profesor
594,Riccardo,34591,51,Programador
595,Blanche,31854,68,Profesor
596,Lillis,20015,33,Contador
597,Ardith,34286,40,Contador
598,Ardath,37691,26,Programador
599,Karl,41582,30,Profesor
600,Rossie,48013,38,Programador
601,Tatiania,32691,50,Profesor
602,Peyton,49653,26,Profesor
603,Janos,46993,67,Profesor
604,Eimile,44437,55,Contador
605,Noni,28346,25,Contador
606,Georgiana,24076,43,Contador
607,Aliza,38503,66,Profesor
608,Andeee,41256,38,Programador
609,Marcia,32227,34,Contador
610,Eugenie,30064,59,Contador
611,Sheilah,25902,61,Profesor
612,Sigismund,44872,48,Profesor
613,Curtis,37528,38,Profesor
614,Roldan,35616,69,Profesor
615,Bernete,39252,64,Profesor
616,Ashton,49054,33,Programador
617,Avigdor,40284,28,Programador
618,Giffer,48325,66,Programador
619,Carmencita,22178,32,Contador
620,Lonnard,27484,43,Programador
621,Sherlocke,40773,61,Contador
622,Tiffani,49744,52,Profesor
623,Rice,22689,67,Programador
624,Kissiah,45490,26,Programador
625,Melba,47906,61,Contador
626,Faulkner,42761,54,Profesor
627,Nat,44176,35,Contador
628,Terri-jo,46595,64,Profesor
629,Brandtr,27144,42,Programador
630,Merlina,39313,30,Profesor
631,Gary,32434,39,Programador
632,Ofella,26873,47,Programador
633,Dorothee,43614,63,Programador
634,Cate,42788,58,Programador
635,Marjy,43363,37,Contador
636,Janette,31993,51,Programador
637,Kari,42808,50,Programador
638,Augustine,27773,60,Contador
639,Kacy,33327,50,Programador
640,Noni,22934,24,Programador
641,Georgeanna,29292,57,Profesor
642,Joby,24675,27,Contador
643,Gun,42608,55,Profesor
644,Elsa,45065,34,Profesor
645,Virgina,41362,28,Profesor
646,Rosemonde,37717,38,Contador
647,Sharlene,22746,62,Contador
648,Joleen,29373,25,Programador
649,Archie,34891,64,Profesor
650,Idaline,44432,37,Programador
651,Kiley,29614,49,Contador
652,Taddeusz,24899,65,Programador
653,Lynne,36388,34,Profesor
654,Any,39080,64,Programador
655,Debor,30797,52,Profesor
656,Orran,33589,61,Programador
657,Calhoun,46702,32,Profesor
658,Clareta,43955,56,Programador
659,Kristel,28974,24,Programador
660,Dorri,37177,59,Contador
661,Adela,26645,68,Contador
662,Pavla,29803,48,Profesor
663,Boycey,30499,35,Profesor
664,Walsh,28647,36,Profesor
665,Ches,47826,25,Programador
666,Jayme,39402,54,Programador
667,Cullin,40265,41,Contador
668,Massimiliano,37813,64,Contador
669,Thomasin,31916,59,Programador
670,Nial,46645,61,Contador
671,Max,42044,60,Profesor
672,Mallissa,29013,26,Profesor
673,Lem,24022,68,Contador
674,Gifford,45570,65,Programador
675,Orsa,37844,27,Programador
676,Thomasina,26041,53,Profesor
677,Aurora,34561,34,Contador
678,Melisent,24605,52,Programador
679,Vittorio,48798,47,Contador
680,Bud,27674,31,Programador
681,Salome,39300,52,Contador
682,Fleur,32963,55,Profesor
683,Annabela,49909,51,Contador
684,Hedwig,23051,66,Contador
685,Alexa,37719,55,Contador
686,Merl,35417,37,Profesor
687,Dick,26891,58,Contador
688,Lothario,27937,32,Programador
689,Quillan,22408,27,Profesor
690,Maureen,23926,47,Contador
691,Ophelie,32014,51,Programador
692,Harmonia,42449,49,Profesor
693,Dyanna,47075,25,Programador
694,Josefa,35440,64,Contador
695,Jake,42664,36,Programador
696,Crosby,22070,45,Contador
697,Kristin,48648,32,Programador
698,Astrid,26664,54,Contador
699,Aldous,38569,59,Profesor
700,Napoleon,48802,66,Contador
701,Marleah,48760,35,Contador
702,Zuzana,47656,37,Programador
703,Ed,31476,32,Profesor
704,Torrin,38695,33,Profesor
705,Fabio,40408,40,Programador
706,Sheila-kathryn,21859,31,Programador
707,Reyna,20736,46,Programador
708,Aksel,20686,32,Profesor
709,Angelique,45976,53,Profesor
710,Steve,35387,60,Profesor
711,Marcos,33629,56,Contador
712,Walliw,37894,53,Contador
713,Berne,32853,46,Programador
714,Phaidra,25307,44,Profesor
715,Sybyl,40255,43,Profesor
716,Diannne,40384,57,Programador
717,Anastassia,31868,53,Contador
718,Merrily,24179,42,Programador
719,Lena,21103,36,Contador
720,Lee,37358,58,Contador
721,Leland,31716,28,Profesor
722,Drusi,40070,61,Profesor
723,Lishe,42212,30,Programador
724,Paulie,32557,54,Profesor
725,Cosme,20133,40,Contador
726,Fey,25099,60,Contador
727,Marcelle,30724,58,Programador
728,Antonella,28737,58,Profesor
729,Alec,45196,35,Contador
730,Loleta,36465,34,Programador
731,Giuditta,46153,27,Contador
732,Debbie,20121,28,Contador
733,Chelsea,25691,62,Programador
734,Joey,31204,35,Programador
735,Alvera,41602,48,Programador
736,Erhart,23086,66,Contador
737,Christiano,44771,54,Programador
738,Grayce,36407,37,Contador
739,Bernette,44346,40,Programador
740,Adolphe,38788,64,Programador
741,Stacey,28225,64,Programador
742,Neville,42896,43,Programador
743,Desiree,36472,33,Profesor
744,Clerc,35080,58,Programador
745,Paulie,49558,57,Programador
746,Roselle,22885,36,Profesor
747,Isaac,27567,66,Contador
748,Gavin,36881,57,Programador
749,Thomas,49917,29,Programador
750,Symon,41929,36,Contador
751,Elicia,48716,36,Profesor
752,Andrey,22134,40,Programador
753,Lori,29277,47,Contador
754,Emmy,21024,39,Profesor
755,Warden,35092,50,Contador
756,Coriss,34399,32,Programador
757,Alix,25067,24,Programador
758,Jannel,32690,62,Contador
759,Sapphira,40627,26,Contador
760,Neely,41237,40,Contador
761,Kaile,22494,62,Contador
762,Suzanna,23956,56,Contador
763,Ashton,40473,55,Programador
764,Rodolphe,34103,64,Profesor
765,Gunter,32398,26,Profesor
766,Paco,31190,25,Profesor
767,Tiff,41010,27,Programador
768,Penrod,26083,27,Programador
769,Martino,46215,54,Programador
770,Keen,44864,56,Profesor
771,Kassi,27638,42,Contador
772,Algernon,39652,37,Contador
773,Romona,32488,65,Contador
774,Calley,31208,58,Contador
775,Arlana,30082,27,Contador
776,Courtnay,29426,43,Programador
777,Rustie,39194,67,Contador
778,Sibylle,21352,51,Contador
779,Rudie,26293,68,Contador
780,Trix,26329,35,Programador
781,Sari,39847,56,Profesor
782,Barthel,47391,30,Profesor
783,Tobie,20104,68,Programador
784,Harrie,30489,57,Programador
785,Dyan,38421,61,Contador
786,Ave,28503,57,Profesor
787,Sherline,29732,25,Profesor
788,Wilow,27499,31,Profesor
789,Skipp,33745,53,Contador
790,Felipe,27447,65,Contador
791,Ransell,32085,42,Contador
792,Frederigo,31327,54,Profesor
793,Phillip,25578,36,Contador
794,Mychal,34016,33,Profesor
795,Min,36635,40,Programador
796,Janot,47797,33,Profesor
797,Corabelle,33893,68,Contador
798,Devonne,31132,65,Contador
799,Hollie,23503,27,Contador
800,Trstram,30022,61,Programador
801,August,44984,68,Programador
802,Lauren,35102,32,Programador
803,Willy,20761,63,Programador
804,Aldous,20133,33,Programador
805,Lettie,28472,25,Profesor
806,Angie,37020,44,Contador
807,Eolande,41680,65,Profesor
808,Clementina,38310,31,Contador
809,Aloise,32188,43,Profesor
810,Bernie,49006,42,Contador
811,Gordan,39368,54,Programador
812,Alec,24391,60,Contador
813,Darb,25593,47,Programador
814,Basia,26063,61,Profesor
815,Cullie,31151,32,Contador
816,Rosco,24885,64,Profesor
817,Basia,41488,32,Programador
818,Ebony,27928,67,Profesor
819,Terrill,20316,43,Profesor
820,Hermia,37262,35,Programador
821,Lance,22052,59,Programador
822,Sibyl,35651,53,Profesor
823,Branden,48863,38,Programador
824,Cornie,34829,47,Programador
825,Carolyn,40652,24,Contador
826,Piggy,29928,65,Programador
827,Eran,48340,36,Programador
828,Padraig,43403,39,Programador
829,Ermin,48920,33,Programador
830,Eduardo,21797,61,Contador
831,Jany,24924,35,Profesor
832,Carma,26943,64,Contador
833,Angeline,34538,32,Programador
834,Jesse,48708,57,Programador
835,Gusty,47616,30,Contador
836,Katheryn,22904,36,Programador
837,Tony,47684,44,Contador
838,Mignon,22951,61,Contador
839,Arabelle,32288,36,Contador
840,Geno,47191,42,Profesor
841,Marinna,36500,45,Profesor
842,Gussie,43174,44,Contador
843,Starr,34042,61,Profesor
844,Lanny,46763,43,Contador
845,Rickey,41245,24,Contador
846,Jodie,45139,52,Programador
847,Marietta,44297,41,Programador
848,Thekla,44092,35,Profesor
849,Pascal,23045,50,Profesor
850,Roarke,33594,46,Profesor
851,Meade,26179,36,Programador
852,Sam,30053,32,Contador
853,Margareta,27729,63,Profesor
854,Merwyn,25901,70,Profesor
855,Richie,33687,24,Profesor
856,Almeda,25058,49,Programador
857,Tamas,30862,27,Programador
858,Nealson,48903,41,Profesor
859,Tiphany,30423,69,Programador
860,Rosaleen,26464,70,Programador
861,Bradford,48089,38,Programador
862,Oralee,46601,34,Programador
863,Annnora,24886,54,Contador
864,Dahlia,49185,28,Contador
865,Tony,41408,49,Programador
866,Joey,22566,59,Profesor
867,Clementia,21620,61,Programador
868,Mallory,34516,53,Programador
869,Annecorinne,47548,48,Programador
870,Mufi,24556,53,Contador
871,Hunter,43167,70,Contador
872,Gasparo,39075,67,Profesor
873,Gabriel,49302,68,Programador
874,Carolin,30245,38,Programador
875,Carilyn,42603,43,Contador
876,Aloise,21816,30,Programador
877,Joelie,25604,51,Programador
878,Kay,30754,40,Programador
879,Piggy,48205,67,Programador
880,Rosmunda,27928,57,Profesor
881,Daron,27843,39,Contador
882,Betsy,47320,26,Programador
883,Anselm,43946,30,Contador
884,Vanna,39628,48,Profesor
885,Lilias,29686,40,Contador
886,Kariotta,23640,40,Profesor
887,Max,23684,44,Programador
888,Melesa,31904,57,Profesor
889,Mia,20547,35,Programador
890,Lucie,20367,48,Contador
891,Augustus,23709,28,Contador
892,Carena,49964,52,Contador
893,Brandice,29007,69,Profesor
894,Vilhelmina,20906,69,Profesor
895,Dyana,34865,53,Profesor
896,Johnath,25810,41,Contador
897,Brita,42441,69,Programador
898,Concordia,47297,48,Contador
899,Clare,26324,36,Contador
900,Flora,36325,67,Programador
901,Francesco,28365,58,Programador
902,Rolando,37767,35,Programador
903,Adrian,45752,39,Programador
904,Roderick,22699,67,Contador
905,Horton,39341,51,Contador
906,Atlanta,38274,33,Profesor
907,Valeria,22043,57,Profesor
908,Luci,44810,32,Contador
909,Glynn,23668,42,Profesor
910,Hailee,30471,44,Programador
911,Phil,37383,51,Contador
912,Dalt,38367,61,Profesor
913,Cazzie,26688,59,Programador
914,Ashien,32176,33,Contador
915,Adrianna,45997,68,Contador
916,Warner,35099,39,Programador
917,Denice,32922,48,Contador
918,Randolf,21108,62,Programador
919,Benetta,45687,52,Profesor
920,Bowie,24164,36,Programador
921,Trescha,42313,59,Contador
922,Lindie,34542,25,Contador
923,Sutton,30397,56,Programador
924,Brenda,24858,42,Contador
925,Hurley,49910,31,Programador
926,Marne,25695,38,Profesor
927,Bo,32984,70,Contador
928,Kylie,49026,67,Contador
929,Krystle,26267,48,Contador
930,Ethelred,49612,47,Profesor
931,Ernestine,21453,36,Contador
932,Sally,23075,41,Programador
933,Giulio,29157,30,Contador
934,Dolley,20095,64,Contador
935,Tuck,33439,47,Contador
936,Jermayne,42015,30,Profesor
937,Gwenni,38956,28,Programador
938,Olympie,23924,45,Contador
939,Bryant,32370,27,Programador
940,Artemas,39511,51,Contador
941,Tani,38623,67,Profesor
942,Anallise,24916,44,Profesor
943,Granthem,26733,48,Contador
944,Miguel,37940,34,Contador
945,Stacy,27053,30,Profesor
946,Elissa,42372,57,Profesor
947,Whitaker,44726,52,Programador
948,Kinnie,46664,36,Profesor
949,Kimmi,25670,58,Contador
950,Latashia,25490,64,Programador
951,Eartha,42524,58,Profesor
952,Darryl,49623,61,Profesor
953,Ebeneser,42026,45,Contador
954,Carina,38371,56,Contador
955,Edna,49209,34,Profesor
956,Ula,20512,24,Contador
957,Trent,34464,60,Profesor
958,Ignazio,40757,51,Programador
959,Marcelle,26268,40,Profesor
960,Auroora,26538,36,Contador
961,Rickard,23147,67,Contador
962,Robinet,48372,43,Programador
963,Linn,31762,29,Profesor
964,Yorgos,47461,57,Contador
965,Massimo,40048,24,Profesor
966,Lewiss,45385,56,Contador
967,Beth,26264,34,Programador
968,Bryan,40106,25,Contador
969,Byram,30608,58,Profesor
970,Chiarra,39318,63,Profesor
971,Frederigo,47971,31,Contador
972,Niko,30154,55,Programador
973,Charita,37331,53,Profesor
974,Dorella,37285,24,Profesor
975,Gilberto,26495,28,Profesor
976,Bale,45922,41,Contador
977,Tore,35258,30,Profesor
978,Elenore,21576,37,Profesor
979,Simona,47172,30,Profesor
980,Colette,46182,25,Profesor
981,Ingaborg,31070,38,Profesor
982,Lorilee,42118,56,Programador
983,Hobart,48274,68,Profesor
984,Donny,40570,55,Profesor
985,Riva,37222,38,Programador
986,Ashley,42397,61,Contador
987,Iggie,25510,37,Contador
988,Ambrose,49368,68,Contador
989,Nicky,34621,66,Profesor
990,Lester,28226,42,Programador
991,Pavlov,38422,36,Programador
992,Orlan,36370,49,Programador
993,Aggie,44052,63,Profesor
994,Jackie,36018,41,Contador
995,Rhodie,40663,57,Programador
996,Ardine,34422,59,Programador
997,Frankie,34671,62,Contador
998,Inesita,25155,26,Profesor
999,Elia,24160,54,Contador
1000,Frazer,27063,56,Contador
